"","go_ids","Freq"
"1","GO:0000003",326
"2","GO:0000015",80
"3","GO:0000018",86
"4","GO:0000027",681
"5","GO:0000028",930
"6","GO:0000035",80
"7","GO:0000036",80
"8","GO:0000041",161
"9","GO:0000049",124
"10","GO:0000079",41
"11","GO:0000086",41
"12","GO:0000096",249
"13","GO:0000097",173
"14","GO:0000101",121
"15","GO:0000103",44
"16","GO:0000104",160
"17","GO:0000139",77
"18","GO:0000140",2
"19","GO:0000150",43
"20","GO:0000151",6
"21","GO:0000152",4
"22","GO:0000154",595
"23","GO:0000155",79
"24","GO:0000160",79
"25","GO:0000162",317
"26","GO:0000166",2878
"27","GO:0000175",166
"28","GO:0000226",37
"29","GO:0000229",80
"30","GO:0000270",855
"31","GO:0000271",413
"32","GO:0000278",283
"33","GO:0000280",41
"34","GO:0000281",241
"35","GO:0000287",1634
"36","GO:0000302",239
"37","GO:0000303",80
"38","GO:0000305",80
"39","GO:0000322",55
"40","GO:0000323",55
"41","GO:0000324",55
"42","GO:0000329",55
"43","GO:0000408",80
"44","GO:0000413",102
"45","GO:0000428",122
"46","GO:0000451",203
"47","GO:0000453",203
"48","GO:0000455",81
"49","GO:0000462",160
"50","GO:0000469",81
"51","GO:0000470",80
"52","GO:0000478",81
"53","GO:0000502",241
"54","GO:0000702",116
"55","GO:0000703",116
"56","GO:0000715",81
"57","GO:0000716",81
"58","GO:0000724",98
"59","GO:0000725",424
"60","GO:0000731",83
"61","GO:0000737",6
"62","GO:0000738",1
"63","GO:0000774",80
"64","GO:0000785",86
"65","GO:0000786",80
"66","GO:0000787",80
"67","GO:0000789",80
"68","GO:0000793",41
"69","GO:0000819",80
"70","GO:0000820",80
"71","GO:0000900",80
"72","GO:0000902",1
"73","GO:0000904",1
"74","GO:0000906",80
"75","GO:0000909",4
"76","GO:0000910",282
"77","GO:0000917",241
"78","GO:0000918",81
"79","GO:0000920",3
"80","GO:0000966",161
"81","GO:0000967",81
"82","GO:0000976",366
"83","GO:0000984",202
"84","GO:0000985",120
"85","GO:0000986",2
"86","GO:0000987",2
"87","GO:0000988",83
"88","GO:0000990",83
"89","GO:0001000",120
"90","GO:0001017",202
"91","GO:0001046",120
"92","GO:0001047",120
"93","GO:0001067",366
"94","GO:0001073",80
"95","GO:0001098",80
"96","GO:0001101",79
"97","GO:0001108",80
"98","GO:0001121",240
"99","GO:0001123",40
"100","GO:0001125",80
"101","GO:0001130",327
"102","GO:0001131",163
"103","GO:0001140",120
"104","GO:0001141",43
"105","GO:0001216",199
"106","GO:0001217",287
"107","GO:0001505",314
"108","GO:0001510",934
"109","GO:0001522",205
"110","GO:0001530",79
"111","GO:0001539",240
"112","GO:0001556",41
"113","GO:0001568",81
"114","GO:0001651",195
"115","GO:0001654",1
"116","GO:0001676",81
"117","GO:0001682",80
"118","GO:0001716",82
"119","GO:0001775",1
"120","GO:0001817",37
"121","GO:0001819",37
"122","GO:0001836",30
"123","GO:0001871",75
"124","GO:0001882",427
"125","GO:0001883",384
"126","GO:0001884",43
"127","GO:0001894",2
"128","GO:0001895",2
"129","GO:0001896",1
"130","GO:0001897",2
"131","GO:0001906",39
"132","GO:0001907",39
"133","GO:0001932",47
"134","GO:0001933",41
"135","GO:0001934",6
"136","GO:0001944",81
"137","GO:0002020",80
"138","GO:0002094",160
"139","GO:0002097",616
"140","GO:0002098",498
"141","GO:0002099",77
"142","GO:0002101",41
"143","GO:0002119",41
"144","GO:0002128",81
"145","GO:0002130",81
"146","GO:0002131",81
"147","GO:0002132",81
"148","GO:0002134",43
"149","GO:0002136",41
"150","GO:0002143",402
"151","GO:0002161",166
"152","GO:0002164",41
"153","GO:0002181",80
"154","GO:0002196",41
"155","GO:0002252",1
"156","GO:0002263",1
"157","GO:0002274",1
"158","GO:0002275",1
"159","GO:0002283",1
"160","GO:0002366",1
"161","GO:0002376",70
"162","GO:0002443",1
"163","GO:0002444",1
"164","GO:0002446",1
"165","GO:0002520",2
"166","GO:0002521",2
"167","GO:0002573",2
"168","GO:0002790",243
"169","GO:0002791",37
"170","GO:0002793",37
"171","GO:0002935",1
"172","GO:0002939",82
"173","GO:0002943",124
"174","GO:0002949",204
"175","GO:0003006",124
"176","GO:0003333",244
"177","GO:0003674",25743
"178","GO:0003676",4081
"179","GO:0003677",1777
"180","GO:0003678",332
"181","GO:0003684",36
"182","GO:0003688",80
"183","GO:0003690",608
"184","GO:0003697",685
"185","GO:0003700",327
"186","GO:0003723",2691
"187","GO:0003724",207
"188","GO:0003725",161
"189","GO:0003727",36
"190","GO:0003729",686
"191","GO:0003730",81
"192","GO:0003735",1934
"193","GO:0003743",78
"194","GO:0003746",160
"195","GO:0003747",121
"196","GO:0003755",102
"197","GO:0003779",1
"198","GO:0003824",19134
"199","GO:0003839",30
"200","GO:0003842",2
"201","GO:0003848",69
"202","GO:0003887",161
"203","GO:0003896",81
"204","GO:0003899",283
"205","GO:0003906",116
"206","GO:0003909",80
"207","GO:0003911",80
"208","GO:0003916",80
"209","GO:0003918",80
"210","GO:0003921",40
"211","GO:0003922",40
"212","GO:0003924",358
"213","GO:0003938",41
"214","GO:0003951",81
"215","GO:0003954",84
"216","GO:0003977",43
"217","GO:0003988",1
"218","GO:0003993",43
"219","GO:0003994",81
"220","GO:0003998",80
"221","GO:0003999",4
"222","GO:0004003",249
"223","GO:0004004",122
"224","GO:0004019",81
"225","GO:0004022",80
"226","GO:0004032",36
"227","GO:0004033",36
"228","GO:0004044",81
"229","GO:0004048",156
"230","GO:0004049",1
"231","GO:0004067",81
"232","GO:0004072",3
"233","GO:0004076",81
"234","GO:0004077",80
"235","GO:0004106",78
"236","GO:0004123",80
"237","GO:0004127",1
"238","GO:0004140",80
"239","GO:0004141",81
"240","GO:0004148",36
"241","GO:0004155",1
"242","GO:0004156",80
"243","GO:0004161",40
"244","GO:0004170",40
"245","GO:0004175",163
"246","GO:0004176",401
"247","GO:0004177",157
"248","GO:0004180",160
"249","GO:0004185",160
"250","GO:0004222",81
"251","GO:0004252",80
"252","GO:0004298",1
"253","GO:0004309",44
"254","GO:0004311",84
"255","GO:0004312",170
"256","GO:0004314",44
"257","GO:0004315",3
"258","GO:0004318",123
"259","GO:0004325",1
"260","GO:0004333",80
"261","GO:0004337",40
"262","GO:0004350",2
"263","GO:0004356",80
"264","GO:0004359",81
"265","GO:0004360",2
"266","GO:0004363",80
"267","GO:0004365",80
"268","GO:0004370",82
"269","GO:0004372",1
"270","GO:0004375",160
"271","GO:0004379",3
"272","GO:0004382",76
"273","GO:0004386",548
"274","GO:0004411",81
"275","GO:0004418",44
"276","GO:0004425",160
"277","GO:0004462",80
"278","GO:0004477",5
"279","GO:0004479",44
"280","GO:0004486",5
"281","GO:0004488",5
"282","GO:0004497",82
"283","GO:0004505",82
"284","GO:0004518",1099
"285","GO:0004519",559
"286","GO:0004520",200
"287","GO:0004521",323
"288","GO:0004523",80
"289","GO:0004525",82
"290","GO:0004526",80
"291","GO:0004527",379
"292","GO:0004529",94
"293","GO:0004532",166
"294","GO:0004536",294
"295","GO:0004540",650
"296","GO:0004549",80
"297","GO:0004550",4
"298","GO:0004551",81
"299","GO:0004553",75
"300","GO:0004588",4
"301","GO:0004590",4
"302","GO:0004592",37
"303","GO:0004595",80
"304","GO:0004596",3
"305","GO:0004605",80
"306","GO:0004619",36
"307","GO:0004634",80
"308","GO:0004637",5
"309","GO:0004638",80
"310","GO:0004639",79
"311","GO:0004642",80
"312","GO:0004643",80
"313","GO:0004644",160
"314","GO:0004647",43
"315","GO:0004648",44
"316","GO:0004652",160
"317","GO:0004657",2
"318","GO:0004659",284
"319","GO:0004672",200
"320","GO:0004673",79
"321","GO:0004674",120
"322","GO:0004712",41
"323","GO:0004713",41
"324","GO:0004719",40
"325","GO:0004721",162
"326","GO:0004735",40
"327","GO:0004742",80
"328","GO:0004746",2
"329","GO:0004749",81
"330","GO:0004751",80
"331","GO:0004764",80
"332","GO:0004765",80
"333","GO:0004766",1
"334","GO:0004784",80
"335","GO:0004797",81
"336","GO:0004798",80
"337","GO:0004801",80
"338","GO:0004802",80
"339","GO:0004803",8
"340","GO:0004808",98
"341","GO:0004810",80
"342","GO:0004812",760
"343","GO:0004813",41
"344","GO:0004815",80
"345","GO:0004816",80
"346","GO:0004817",81
"347","GO:0004818",36
"348","GO:0004820",80
"349","GO:0004826",160
"350","GO:0004827",80
"351","GO:0004828",1
"352","GO:0004831",80
"353","GO:0004832",41
"354","GO:0004834",80
"355","GO:0004849",80
"356","GO:0004857",159
"357","GO:0004860",41
"358","GO:0004861",41
"359","GO:0004866",37
"360","GO:0004888",81
"361","GO:0004930",81
"362","GO:0004953",81
"363","GO:0004954",81
"364","GO:0004955",81
"365","GO:0004957",81
"366","GO:0005048",274
"367","GO:0005198",2260
"368","GO:0005215",1737
"369","GO:0005216",1
"370","GO:0005261",1
"371","GO:0005267",1
"372","GO:0005283",3
"373","GO:0005298",3
"374","GO:0005319",159
"375","GO:0005337",3
"376","GO:0005342",41
"377","GO:0005343",3
"378","GO:0005345",2
"379","GO:0005350",2
"380","GO:0005351",2
"381","GO:0005355",1
"382","GO:0005365",1
"383","GO:0005402",2
"384","GO:0005415",2
"385","GO:0005416",3
"386","GO:0005488",13071
"387","GO:0005504",160
"388","GO:0005506",239
"389","GO:0005507",161
"390","GO:0005515",4597
"391","GO:0005524",1644
"392","GO:0005525",306
"393","GO:0005542",4
"394","GO:0005543",80
"395","GO:0005575",23477
"396","GO:0005576",483
"397","GO:0005615",80
"398","GO:0005618",399
"399","GO:0005622",17978
"400","GO:0005623",23283
"401","GO:0005634",525
"402","GO:0005635",273
"403","GO:0005654",123
"404","GO:0005655",80
"405","GO:0005657",80
"406","GO:0005694",247
"407","GO:0005730",392
"408","GO:0005732",195
"409","GO:0005737",16694
"410","GO:0005739",196
"411","GO:0005773",166
"412","GO:0005774",91
"413","GO:0005783",43
"414","GO:0005789",2
"415","GO:0005794",118
"416","GO:0005811",37
"417","GO:0005829",14091
"418","GO:0005840",2175
"419","GO:0005856",141
"420","GO:0005886",5574
"421","GO:0005887",2041
"422","GO:0005950",1
"423","GO:0005960",160
"424","GO:0005975",1212
"425","GO:0005976",413
"426","GO:0005979",81
"427","GO:0005996",395
"428","GO:0006002",2
"429","GO:0006006",155
"430","GO:0006007",37
"431","GO:0006012",80
"432","GO:0006014",80
"433","GO:0006015",81
"434","GO:0006020",80
"435","GO:0006022",855
"436","GO:0006023",607
"437","GO:0006024",607
"438","GO:0006026",161
"439","GO:0006027",161
"440","GO:0006040",166
"441","GO:0006047",45
"442","GO:0006048",44
"443","GO:0006050",77
"444","GO:0006051",77
"445","GO:0006053",77
"446","GO:0006054",77
"447","GO:0006063",36
"448","GO:0006064",36
"449","GO:0006066",323
"450","GO:0006067",80
"451","GO:0006071",82
"452","GO:0006081",481
"453","GO:0006082",5745
"454","GO:0006084",116
"455","GO:0006085",116
"456","GO:0006086",116
"457","GO:0006089",80
"458","GO:0006090",269
"459","GO:0006091",1028
"460","GO:0006094",118
"461","GO:0006096",153
"462","GO:0006098",160
"463","GO:0006099",401
"464","GO:0006101",401
"465","GO:0006103",36
"466","GO:0006106",80
"467","GO:0006107",80
"468","GO:0006108",160
"469","GO:0006109",81
"470","GO:0006113",23
"471","GO:0006115",80
"472","GO:0006119",166
"473","GO:0006120",84
"474","GO:0006139",10953
"475","GO:0006144",4
"476","GO:0006163",2048
"477","GO:0006164",1558
"478","GO:0006165",157
"479","GO:0006166",4
"480","GO:0006167",81
"481","GO:0006168",4
"482","GO:0006177",40
"483","GO:0006183",41
"484","GO:0006188",159
"485","GO:0006189",159
"486","GO:0006195",160
"487","GO:0006203",160
"488","GO:0006206",87
"489","GO:0006207",4
"490","GO:0006208",3
"491","GO:0006212",3
"492","GO:0006213",245
"493","GO:0006220",409
"494","GO:0006221",284
"495","GO:0006222",84
"496","GO:0006226",40
"497","GO:0006227",80
"498","GO:0006233",80
"499","GO:0006235",80
"500","GO:0006244",160
"501","GO:0006253",40
"502","GO:0006259",2577
"503","GO:0006260",1098
"504","GO:0006261",815
"505","GO:0006265",80
"506","GO:0006266",80
"507","GO:0006268",81
"508","GO:0006269",81
"509","GO:0006270",80
"510","GO:0006271",162
"511","GO:0006273",80
"512","GO:0006275",163
"513","GO:0006276",240
"514","GO:0006281",1454
"515","GO:0006282",6
"516","GO:0006283",81
"517","GO:0006284",316
"518","GO:0006285",116
"519","GO:0006288",80
"520","GO:0006289",162
"521","GO:0006298",327
"522","GO:0006301",2
"523","GO:0006302",179
"524","GO:0006304",80
"525","GO:0006305",80
"526","GO:0006306",80
"527","GO:0006308",130
"528","GO:0006310",812
"529","GO:0006313",8
"530","GO:0006351",780
"531","GO:0006352",83
"532","GO:0006353",160
"533","GO:0006354",80
"534","GO:0006355",1185
"535","GO:0006364",1356
"536","GO:0006378",80
"537","GO:0006396",3360
"538","GO:0006397",202
"539","GO:0006399",2563
"540","GO:0006400",1480
"541","GO:0006401",406
"542","GO:0006402",246
"543","GO:0006412",3460
"544","GO:0006413",122
"545","GO:0006414",201
"546","GO:0006415",201
"547","GO:0006417",614
"548","GO:0006418",840
"549","GO:0006419",41
"550","GO:0006421",80
"551","GO:0006422",80
"552","GO:0006423",81
"553","GO:0006424",36
"554","GO:0006426",80
"555","GO:0006430",80
"556","GO:0006432",160
"557","GO:0006433",80
"558","GO:0006434",1
"559","GO:0006437",80
"560","GO:0006438",41
"561","GO:0006446",241
"562","GO:0006448",80
"563","GO:0006450",325
"564","GO:0006457",508
"565","GO:0006458",182
"566","GO:0006464",1594
"567","GO:0006468",322
"568","GO:0006469",41
"569","GO:0006470",162
"570","GO:0006473",3
"571","GO:0006474",3
"572","GO:0006479",120
"573","GO:0006486",78
"574","GO:0006487",78
"575","GO:0006493",76
"576","GO:0006497",3
"577","GO:0006498",3
"578","GO:0006499",3
"579","GO:0006508",972
"580","GO:0006511",4
"581","GO:0006515",160
"582","GO:0006518",3651
"583","GO:0006520",3385
"584","GO:0006521",80
"585","GO:0006525",118
"586","GO:0006527",118
"587","GO:0006528",81
"588","GO:0006530",81
"589","GO:0006531",126
"590","GO:0006534",48
"591","GO:0006535",4
"592","GO:0006536",163
"593","GO:0006537",81
"594","GO:0006541",482
"595","GO:0006542",240
"596","GO:0006543",81
"597","GO:0006544",277
"598","GO:0006545",1
"599","GO:0006546",117
"600","GO:0006547",1
"601","GO:0006548",1
"602","GO:0006553",331
"603","GO:0006555",201
"604","GO:0006558",281
"605","GO:0006559",203
"606","GO:0006560",42
"607","GO:0006561",40
"608","GO:0006562",2
"609","GO:0006563",131
"610","GO:0006564",126
"611","GO:0006565",1
"612","GO:0006566",82
"613","GO:0006567",82
"614","GO:0006568",317
"615","GO:0006570",121
"616","GO:0006572",121
"617","GO:0006573",37
"618","GO:0006575",310
"619","GO:0006576",354
"620","GO:0006586",317
"621","GO:0006595",37
"622","GO:0006596",37
"623","GO:0006605",240
"624","GO:0006612",160
"625","GO:0006613",159
"626","GO:0006614",159
"627","GO:0006616",159
"628","GO:0006629",1777
"629","GO:0006631",798
"630","GO:0006633",612
"631","GO:0006635",2
"632","GO:0006636",81
"633","GO:0006637",196
"634","GO:0006643",205
"635","GO:0006644",405
"636","GO:0006650",160
"637","GO:0006655",80
"638","GO:0006662",2
"639","GO:0006664",205
"640","GO:0006690",81
"641","GO:0006692",81
"642","GO:0006693",81
"643","GO:0006720",200
"644","GO:0006721",40
"645","GO:0006725",12328
"646","GO:0006730",6
"647","GO:0006732",2399
"648","GO:0006733",836
"649","GO:0006734",243
"650","GO:0006735",37
"651","GO:0006739",241
"652","GO:0006741",81
"653","GO:0006743",236
"654","GO:0006744",236
"655","GO:0006749",110
"656","GO:0006750",110
"657","GO:0006753",3025
"658","GO:0006754",554
"659","GO:0006757",153
"660","GO:0006760",163
"661","GO:0006766",1006
"662","GO:0006767",1006
"663","GO:0006768",403
"664","GO:0006771",126
"665","GO:0006772",199
"666","GO:0006777",4
"667","GO:0006778",129
"668","GO:0006779",129
"669","GO:0006782",44
"670","GO:0006783",129
"671","GO:0006790",1675
"672","GO:0006793",5116
"673","GO:0006796",5029
"674","GO:0006797",44
"675","GO:0006798",44
"676","GO:0006801",80
"677","GO:0006807",19232
"678","GO:0006810",1966
"679","GO:0006811",1077
"680","GO:0006812",993
"681","GO:0006813",1
"682","GO:0006814",5
"683","GO:0006820",288
"684","GO:0006825",80
"685","GO:0006826",81
"686","GO:0006855",36
"687","GO:0006857",202
"688","GO:0006863",2
"689","GO:0006865",244
"690","GO:0006869",244
"691","GO:0006886",240
"692","GO:0006887",1
"693","GO:0006915",67
"694","GO:0006928",323
"695","GO:0006950",4455
"696","GO:0006952",223
"697","GO:0006955",68
"698","GO:0006959",67
"699","GO:0006970",85
"700","GO:0006974",2066
"701","GO:0006979",391
"702","GO:0006986",80
"703","GO:0006995",1
"704","GO:0006996",2464
"705","GO:0006997",41
"706","GO:0006998",41
"707","GO:0007005",30
"708","GO:0007010",38
"709","GO:0007017",37
"710","GO:0007021",23
"711","GO:0007030",54
"712","GO:0007049",404
"713","GO:0007059",163
"714","GO:0007062",80
"715","GO:0007088",41
"716","GO:0007097",1
"717","GO:0007124",1
"718","GO:0007140",41
"719","GO:0007143",41
"720","GO:0007154",923
"721","GO:0007163",1
"722","GO:0007165",273
"723","GO:0007166",81
"724","GO:0007167",81
"725","GO:0007178",81
"726","GO:0007179",81
"727","GO:0007186",81
"728","GO:0007267",1
"729","GO:0007268",1
"730","GO:0007275",244
"731","GO:0007276",122
"732","GO:0007281",41
"733","GO:0007282",41
"734","GO:0007283",41
"735","GO:0007284",41
"736","GO:0007292",122
"737","GO:0007293",41
"738","GO:0007346",122
"739","GO:0007399",37
"740","GO:0007409",1
"741","GO:0007417",37
"742","GO:0007420",37
"743","GO:0007423",1
"744","GO:0007565",81
"745","GO:0007567",81
"746","GO:0007584",1
"747","GO:0007599",30
"748","GO:0007623",1
"749","GO:0008017",37
"750","GO:0008026",368
"751","GO:0008033",1721
"752","GO:0008047",85
"753","GO:0008064",1
"754","GO:0008073",80
"755","GO:0008079",121
"756","GO:0008080",46
"757","GO:0008081",2
"758","GO:0008092",38
"759","GO:0008094",506
"760","GO:0008097",161
"761","GO:0008104",446
"762","GO:0008106",36
"763","GO:0008113",61
"764","GO:0008135",439
"765","GO:0008137",84
"766","GO:0008138",82
"767","GO:0008139",195
"768","GO:0008144",2273
"769","GO:0008146",4
"770","GO:0008150",26622
"771","GO:0008152",22482
"772","GO:0008156",86
"773","GO:0008168",898
"774","GO:0008169",117
"775","GO:0008170",198
"776","GO:0008171",243
"777","GO:0008173",775
"778","GO:0008175",262
"779","GO:0008186",122
"780","GO:0008194",160
"781","GO:0008198",158
"782","GO:0008213",120
"783","GO:0008216",1
"784","GO:0008219",154
"785","GO:0008233",885
"786","GO:0008235",76
"787","GO:0008236",320
"788","GO:0008237",161
"789","GO:0008238",317
"790","GO:0008252",3
"791","GO:0008253",3
"792","GO:0008270",793
"793","GO:0008271",44
"794","GO:0008272",44
"795","GO:0008276",120
"796","GO:0008283",41
"797","GO:0008289",481
"798","GO:0008295",1
"799","GO:0008296",1
"800","GO:0008297",1
"801","GO:0008299",200
"802","GO:0008301",80
"803","GO:0008310",1
"804","GO:0008312",81
"805","GO:0008320",239
"806","GO:0008324",771
"807","GO:0008356",41
"808","GO:0008360",242
"809","GO:0008361",41
"810","GO:0008375",80
"811","GO:0008408",286
"812","GO:0008409",40
"813","GO:0008412",80
"814","GO:0008444",80
"815","GO:0008477",3
"816","GO:0008478",81
"817","GO:0008479",80
"818","GO:0008483",204
"819","GO:0008495",84
"820","GO:0008509",85
"821","GO:0008512",44
"822","GO:0008514",41
"823","GO:0008534",36
"824","GO:0008565",239
"825","GO:0008610",1547
"826","GO:0008611",2
"827","GO:0008614",161
"828","GO:0008615",161
"829","GO:0008616",160
"830","GO:0008637",30
"831","GO:0008643",2
"832","GO:0008645",1
"833","GO:0008649",514
"834","GO:0008650",40
"835","GO:0008652",1425
"836","GO:0008653",412
"837","GO:0008654",405
"838","GO:0008655",80
"839","GO:0008657",1
"840","GO:0008658",242
"841","GO:0008666",42
"842","GO:0008670",1
"843","GO:0008694",76
"844","GO:0008703",44
"845","GO:0008710",81
"846","GO:0008713",160
"847","GO:0008728",80
"848","GO:0008734",82
"849","GO:0008743",82
"850","GO:0008745",82
"851","GO:0008757",898
"852","GO:0008764",80
"853","GO:0008765",80
"854","GO:0008766",80
"855","GO:0008773",80
"856","GO:0008774",80
"857","GO:0008776",80
"858","GO:0008784",81
"859","GO:0008792",36
"860","GO:0008796",81
"861","GO:0008803",80
"862","GO:0008810",75
"863","GO:0008821",80
"864","GO:0008829",40
"865","GO:0008832",80
"866","GO:0008835",44
"867","GO:0008839",81
"868","GO:0008840",82
"869","GO:0008852",1
"870","GO:0008853",81
"871","GO:0008854",12
"872","GO:0008879",1
"873","GO:0008882",80
"874","GO:0008889",2
"875","GO:0008893",80
"876","GO:0008897",77
"877","GO:0008902",81
"878","GO:0008906",1
"879","GO:0008907",3
"880","GO:0008914",81
"881","GO:0008915",80
"882","GO:0008920",160
"883","GO:0008932",204
"884","GO:0008933",204
"885","GO:0008934",80
"886","GO:0008941",1
"887","GO:0008951",3
"888","GO:0008955",161
"889","GO:0008963",1
"890","GO:0008967",32
"891","GO:0008973",123
"892","GO:0008979",3
"893","GO:0008986",81
"894","GO:0008987",44
"895","GO:0008990",80
"896","GO:0008995",81
"897","GO:0008997",85
"898","GO:0009000",80
"899","GO:0009002",160
"900","GO:0009007",80
"901","GO:0009008",80
"902","GO:0009009",43
"903","GO:0009014",80
"904","GO:0009015",77
"905","GO:0009017",1
"906","GO:0009019",82
"907","GO:0009029",41
"908","GO:0009030",80
"909","GO:0009041",80
"910","GO:0009052",160
"911","GO:0009055",443
"912","GO:0009056",2730
"913","GO:0009057",1018
"914","GO:0009058",13569
"915","GO:0009059",6471
"916","GO:0009060",648
"917","GO:0009061",80
"918","GO:0009062",25
"919","GO:0009063",686
"920","GO:0009064",723
"921","GO:0009065",282
"922","GO:0009066",821
"923","GO:0009067",456
"924","GO:0009068",163
"925","GO:0009069",452
"926","GO:0009070",176
"927","GO:0009071",117
"928","GO:0009072",678
"929","GO:0009073",475
"930","GO:0009074",203
"931","GO:0009081",37
"932","GO:0009084",361
"933","GO:0009085",331
"934","GO:0009086",125
"935","GO:0009089",289
"936","GO:0009094",78
"937","GO:0009095",78
"938","GO:0009100",78
"939","GO:0009101",78
"940","GO:0009102",403
"941","GO:0009103",412
"942","GO:0009106",279
"943","GO:0009107",279
"944","GO:0009108",2074
"945","GO:0009110",967
"946","GO:0009112",91
"947","GO:0009113",4
"948","GO:0009116",651
"949","GO:0009117",3025
"950","GO:0009119",570
"951","GO:0009120",81
"952","GO:0009123",1287
"953","GO:0009124",1040
"954","GO:0009126",1001
"955","GO:0009127",835
"956","GO:0009129",124
"957","GO:0009130",124
"958","GO:0009132",237
"959","GO:0009133",80
"960","GO:0009135",153
"961","GO:0009138",80
"962","GO:0009139",80
"963","GO:0009141",1082
"964","GO:0009142",675
"965","GO:0009143",240
"966","GO:0009144",921
"967","GO:0009145",595
"968","GO:0009146",160
"969","GO:0009147",241
"970","GO:0009148",80
"971","GO:0009149",160
"972","GO:0009150",1803
"973","GO:0009151",160
"974","GO:0009152",1477
"975","GO:0009155",160
"976","GO:0009156",919
"977","GO:0009157",121
"978","GO:0009161",1085
"979","GO:0009162",121
"980","GO:0009163",410
"981","GO:0009164",80
"982","GO:0009165",2131
"983","GO:0009166",516
"984","GO:0009167",1001
"985","GO:0009168",835
"986","GO:0009173",84
"987","GO:0009174",84
"988","GO:0009176",40
"989","GO:0009177",40
"990","GO:0009179",153
"991","GO:0009185",153
"992","GO:0009186",80
"993","GO:0009189",80
"994","GO:0009196",80
"995","GO:0009197",80
"996","GO:0009199",841
"997","GO:0009200",321
"998","GO:0009201",595
"999","GO:0009202",80
"1000","GO:0009203",80
"1001","GO:0009204",240
"1002","GO:0009205",761
"1003","GO:0009206",595
"1004","GO:0009208",80
"1005","GO:0009210",80
"1006","GO:0009211",241
"1007","GO:0009212",80
"1008","GO:0009213",160
"1009","GO:0009215",160
"1010","GO:0009217",160
"1011","GO:0009218",164
"1012","GO:0009219",241
"1013","GO:0009220",84
"1014","GO:0009221",120
"1015","GO:0009222",80
"1016","GO:0009223",160
"1017","GO:0009224",80
"1018","GO:0009225",46
"1019","GO:0009226",45
"1020","GO:0009228",160
"1021","GO:0009229",80
"1022","GO:0009231",126
"1023","GO:0009244",281
"1024","GO:0009245",205
"1025","GO:0009247",205
"1026","GO:0009249",276
"1027","GO:0009252",607
"1028","GO:0009253",161
"1029","GO:0009254",124
"1030","GO:0009259",1967
"1031","GO:0009260",1561
"1032","GO:0009261",80
"1033","GO:0009262",444
"1034","GO:0009263",120
"1035","GO:0009264",363
"1036","GO:0009265",120
"1037","GO:0009266",1290
"1038","GO:0009267",241
"1039","GO:0009268",76
"1040","GO:0009269",76
"1041","GO:0009272",76
"1042","GO:0009273",608
"1043","GO:0009274",159
"1044","GO:0009276",79
"1045","GO:0009279",143
"1046","GO:0009288",521
"1047","GO:0009289",80
"1048","GO:0009295",81
"1049","GO:0009297",80
"1050","GO:0009305",80
"1051","GO:0009306",243
"1052","GO:0009308",354
"1053","GO:0009309",354
"1054","GO:0009311",448
"1055","GO:0009312",448
"1056","GO:0009314",1824
"1057","GO:0009319",82
"1058","GO:0009328",80
"1059","GO:0009338",12
"1060","GO:0009360",207
"1061","GO:0009374",80
"1062","GO:0009376",241
"1063","GO:0009378",81
"1064","GO:0009379",3
"1065","GO:0009380",202
"1066","GO:0009381",120
"1067","GO:0009383",116
"1068","GO:0009392",81
"1069","GO:0009394",321
"1070","GO:0009396",158
"1071","GO:0009403",1
"1072","GO:0009404",1
"1073","GO:0009405",147
"1074","GO:0009408",884
"1075","GO:0009409",324
"1076","GO:0009411",362
"1077","GO:0009414",76
"1078","GO:0009415",76
"1079","GO:0009416",362
"1080","GO:0009420",80
"1081","GO:0009421",80
"1082","GO:0009423",80
"1083","GO:0009424",80
"1084","GO:0009425",241
"1085","GO:0009432",408
"1086","GO:0009435",163
"1087","GO:0009438",80
"1088","GO:0009443",81
"1089","GO:0009445",36
"1090","GO:0009446",36
"1091","GO:0009451",2274
"1092","GO:0009486",82
"1093","GO:0009507",233
"1094","GO:0009526",76
"1095","GO:0009532",232
"1096","GO:0009534",76
"1097","GO:0009535",76
"1098","GO:0009536",233
"1099","GO:0009570",232
"1100","GO:0009579",76
"1101","GO:0009605",1122
"1102","GO:0009606",80
"1103","GO:0009607",318
"1104","GO:0009611",30
"1105","GO:0009615",79
"1106","GO:0009617",156
"1107","GO:0009620",37
"1108","GO:0009624",36
"1109","GO:0009628",3033
"1110","GO:0009629",80
"1111","GO:0009630",80
"1112","GO:0009631",76
"1113","GO:0009635",80
"1114","GO:0009636",319
"1115","GO:0009651",3
"1116","GO:0009653",126
"1117","GO:0009675",44
"1118","GO:0009719",327
"1119","GO:0009725",159
"1120","GO:0009735",80
"1121","GO:0009737",76
"1122","GO:0009739",3
"1123","GO:0009755",3
"1124","GO:0009790",41
"1125","GO:0009791",120
"1126","GO:0009889",1846
"1127","GO:0009890",907
"1128","GO:0009891",410
"1129","GO:0009892",1277
"1130","GO:0009893",696
"1131","GO:0009894",157
"1132","GO:0009896",120
"1133","GO:0009897",164
"1134","GO:0009898",83
"1135","GO:0009908",79
"1136","GO:0009927",79
"1137","GO:0009937",3
"1138","GO:0009939",3
"1139","GO:0009941",76
"1140","GO:0009966",10
"1141","GO:0009967",10
"1142","GO:0009982",125
"1143","GO:0009986",244
"1144","GO:0009987",23698
"1145","GO:0009991",810
"1146","GO:0009994",41
"1147","GO:0010033",521
"1148","GO:0010035",475
"1149","GO:0010038",160
"1150","GO:0010133",2
"1151","GO:0010154",79
"1152","GO:0010165",288
"1153","GO:0010181",1
"1154","GO:0010212",534
"1155","GO:0010228",76
"1156","GO:0010243",81
"1157","GO:0010256",95
"1158","GO:0010272",80
"1159","GO:0010273",80
"1160","GO:0010275",76
"1161","GO:0010309",76
"1162","GO:0010325",3
"1163","GO:0010331",3
"1164","GO:0010340",40
"1165","GO:0010466",37
"1166","GO:0010467",7552
"1167","GO:0010468",2048
"1168","GO:0010476",3
"1169","GO:0010487",1
"1170","GO:0010498",84
"1171","GO:0010501",82
"1172","GO:0010506",37
"1173","GO:0010528",1
"1174","GO:0010556",1802
"1175","GO:0010557",410
"1176","GO:0010558",904
"1177","GO:0010562",6
"1178","GO:0010563",41
"1179","GO:0010564",122
"1180","GO:0010565",83
"1181","GO:0010569",6
"1182","GO:0010570",76
"1183","GO:0010591",1
"1184","GO:0010604",536
"1185","GO:0010605",1274
"1186","GO:0010608",654
"1187","GO:0010628",410
"1188","GO:0010629",1147
"1189","GO:0010639",1
"1190","GO:0010646",10
"1191","GO:0010647",10
"1192","GO:0010675",81
"1193","GO:0010677",81
"1194","GO:0010721",41
"1195","GO:0010769",1
"1196","GO:0010876",244
"1197","GO:0010906",81
"1198","GO:0010911",1
"1199","GO:0010921",41
"1200","GO:0010923",41
"1201","GO:0010941",44
"1202","GO:0010942",44
"1203","GO:0010948",41
"1204","GO:0010951",37
"1205","GO:0010962",81
"1206","GO:0010975",1
"1207","GO:0012501",148
"1208","GO:0012505",353
"1209","GO:0014070",5
"1210","GO:0014074",1
"1211","GO:0014910",1
"1212","GO:0014911",1
"1213","GO:0015002",82
"1214","GO:0015031",324
"1215","GO:0015036",36
"1216","GO:0015074",19
"1217","GO:0015075",773
"1218","GO:0015077",655
"1219","GO:0015078",649
"1220","GO:0015079",1
"1221","GO:0015080",80
"1222","GO:0015081",5
"1223","GO:0015103",44
"1224","GO:0015116",44
"1225","GO:0015144",2
"1226","GO:0015145",1
"1227","GO:0015149",1
"1228","GO:0015166",1
"1229","GO:0015171",41
"1230","GO:0015175",36
"1231","GO:0015179",37
"1232","GO:0015190",36
"1233","GO:0015205",2
"1234","GO:0015211",2
"1235","GO:0015221",79
"1236","GO:0015238",36
"1237","GO:0015267",1
"1238","GO:0015291",214
"1239","GO:0015293",213
"1240","GO:0015294",131
"1241","GO:0015295",126
"1242","GO:0015296",44
"1243","GO:0015297",1
"1244","GO:0015318",773
"1245","GO:0015370",5
"1246","GO:0015389",2
"1247","GO:0015390",2
"1248","GO:0015391",2
"1249","GO:0015399",883
"1250","GO:0015405",801
"1251","GO:0015437",79
"1252","GO:0015440",80
"1253","GO:0015450",80
"1254","GO:0015453",82
"1255","GO:0015462",80
"1256","GO:0015616",170
"1257","GO:0015628",80
"1258","GO:0015630",37
"1259","GO:0015631",37
"1260","GO:0015647",2
"1261","GO:0015648",2
"1262","GO:0015658",36
"1263","GO:0015662",80
"1264","GO:0015669",1
"1265","GO:0015671",1
"1266","GO:0015672",655
"1267","GO:0015684",80
"1268","GO:0015698",44
"1269","GO:0015711",244
"1270","GO:0015718",3
"1271","GO:0015749",1
"1272","GO:0015791",1
"1273","GO:0015798",1
"1274","GO:0015803",36
"1275","GO:0015804",160
"1276","GO:0015807",37
"1277","GO:0015820",36
"1278","GO:0015824",3
"1279","GO:0015833",606
"1280","GO:0015835",82
"1281","GO:0015836",2
"1282","GO:0015849",244
"1283","GO:0015850",1
"1284","GO:0015851",2
"1285","GO:0015855",2
"1286","GO:0015858",3
"1287","GO:0015860",2
"1288","GO:0015864",2
"1289","GO:0015893",157
"1290","GO:0015908",3
"1291","GO:0015912",3
"1292","GO:0015920",159
"1293","GO:0015922",82
"1294","GO:0015931",3
"1295","GO:0015932",3
"1296","GO:0015934",1280
"1297","GO:0015935",815
"1298","GO:0015936",160
"1299","GO:0015937",160
"1300","GO:0015939",37
"1301","GO:0015940",37
"1302","GO:0015949",608
"1303","GO:0015968",80
"1304","GO:0015969",80
"1305","GO:0015976",123
"1306","GO:0015980",839
"1307","GO:0015985",401
"1308","GO:0015986",401
"1309","GO:0015988",82
"1310","GO:0015990",82
"1311","GO:0016020",6085
"1312","GO:0016021",2206
"1313","GO:0016024",80
"1314","GO:0016032",163
"1315","GO:0016034",40
"1316","GO:0016036",80
"1317","GO:0016042",25
"1318","GO:0016043",3914
"1319","GO:0016049",1
"1320","GO:0016051",734
"1321","GO:0016052",189
"1322","GO:0016053",3031
"1323","GO:0016054",824
"1324","GO:0016070",5547
"1325","GO:0016071",573
"1326","GO:0016072",1436
"1327","GO:0016075",80
"1328","GO:0016093",80
"1329","GO:0016094",80
"1330","GO:0016114",40
"1331","GO:0016149",41
"1332","GO:0016150",80
"1333","GO:0016151",161
"1334","GO:0016192",1
"1335","GO:0016209",80
"1336","GO:0016211",80
"1337","GO:0016226",123
"1338","GO:0016241",37
"1339","GO:0016259",1
"1340","GO:0016260",1
"1341","GO:0016289",80
"1342","GO:0016300",81
"1343","GO:0016301",1356
"1344","GO:0016310",1797
"1345","GO:0016311",483
"1346","GO:0016319",37
"1347","GO:0016324",38
"1348","GO:0016404",81
"1349","GO:0016407",126
"1350","GO:0016408",1
"1351","GO:0016410",172
"1352","GO:0016415",80
"1353","GO:0016417",124
"1354","GO:0016418",80
"1355","GO:0016419",44
"1356","GO:0016420",44
"1357","GO:0016423",82
"1358","GO:0016426",1
"1359","GO:0016427",81
"1360","GO:0016433",1
"1361","GO:0016434",198
"1362","GO:0016435",161
"1363","GO:0016436",78
"1364","GO:0016462",3604
"1365","GO:0016465",80
"1366","GO:0016469",441
"1367","GO:0016477",4
"1368","GO:0016491",2486
"1369","GO:0016538",41
"1370","GO:0016556",44
"1371","GO:0016567",6
"1372","GO:0016597",41
"1373","GO:0016604",1
"1374","GO:0016607",1
"1375","GO:0016614",606
"1376","GO:0016615",80
"1377","GO:0016616",606
"1378","GO:0016620",166
"1379","GO:0016627",491
"1380","GO:0016628",207
"1381","GO:0016638",242
"1382","GO:0016641",82
"1383","GO:0016642",160
"1384","GO:0016645",48
"1385","GO:0016646",48
"1386","GO:0016651",120
"1387","GO:0016655",84
"1388","GO:0016667",97
"1389","GO:0016668",36
"1390","GO:0016671",61
"1391","GO:0016679",246
"1392","GO:0016682",246
"1393","GO:0016701",157
"1394","GO:0016702",157
"1395","GO:0016705",83
"1396","GO:0016708",1
"1397","GO:0016714",82
"1398","GO:0016721",80
"1399","GO:0016740",6956
"1400","GO:0016741",1183
"1401","GO:0016742",285
"1402","GO:0016744",160
"1403","GO:0016746",864
"1404","GO:0016747",703
"1405","GO:0016748",42
"1406","GO:0016749",42
"1407","GO:0016755",161
"1408","GO:0016757",1018
"1409","GO:0016758",329
"1410","GO:0016763",325
"1411","GO:0016765",572
"1412","GO:0016769",241
"1413","GO:0016772",3079
"1414","GO:0016773",824
"1415","GO:0016774",83
"1416","GO:0016775",79
"1417","GO:0016776",165
"1418","GO:0016778",230
"1419","GO:0016779",1415
"1420","GO:0016780",158
"1421","GO:0016781",81
"1422","GO:0016782",406
"1423","GO:0016783",323
"1424","GO:0016787",6719
"1425","GO:0016788",2114
"1426","GO:0016790",80
"1427","GO:0016791",483
"1428","GO:0016793",80
"1429","GO:0016794",80
"1430","GO:0016796",259
"1431","GO:0016798",194
"1432","GO:0016799",119
"1433","GO:0016810",535
"1434","GO:0016811",368
"1435","GO:0016813",78
"1436","GO:0016814",89
"1437","GO:0016817",3685
"1438","GO:0016818",3685
"1439","GO:0016829",1055
"1440","GO:0016830",460
"1441","GO:0016831",356
"1442","GO:0016832",80
"1443","GO:0016833",24
"1444","GO:0016835",484
"1445","GO:0016836",483
"1446","GO:0016840",30
"1447","GO:0016842",30
"1448","GO:0016846",160
"1449","GO:0016853",1106
"1450","GO:0016854",238
"1451","GO:0016855",81
"1452","GO:0016857",77
"1453","GO:0016859",142
"1454","GO:0016860",204
"1455","GO:0016861",204
"1456","GO:0016866",442
"1457","GO:0016868",159
"1458","GO:0016874",2002
"1459","GO:0016875",760
"1460","GO:0016879",1162
"1461","GO:0016880",80
"1462","GO:0016881",436
"1463","GO:0016882",81
"1464","GO:0016884",159
"1465","GO:0016886",80
"1466","GO:0016887",2401
"1467","GO:0016889",80
"1468","GO:0016891",242
"1469","GO:0016892",81
"1470","GO:0016893",242
"1471","GO:0016894",161
"1472","GO:0016895",94
"1473","GO:0016896",166
"1474","GO:0016903",166
"1475","GO:0016979",199
"1476","GO:0016987",83
"1477","GO:0016992",80
"1478","GO:0016999",664
"1479","GO:0017000",163
"1480","GO:0017001",100
"1481","GO:0017014",37
"1482","GO:0017053",80
"1483","GO:0017076",2162
"1484","GO:0017089",80
"1485","GO:0017110",76
"1486","GO:0017111",2923
"1487","GO:0017116",85
"1488","GO:0017117",4
"1489","GO:0017118",116
"1490","GO:0017144",3172
"1491","GO:0017148",451
"1492","GO:0017150",124
"1493","GO:0017151",81
"1494","GO:0017169",80
"1495","GO:0017171",320
"1496","GO:0018008",3
"1497","GO:0018065",320
"1498","GO:0018105",41
"1499","GO:0018106",79
"1500","GO:0018107",3
"1501","GO:0018108",41
"1502","GO:0018119",37
"1503","GO:0018130",5667
"1504","GO:0018131",80
"1505","GO:0018160",44
"1506","GO:0018193",706
"1507","GO:0018198",81
"1508","GO:0018201",3
"1509","GO:0018202",79
"1510","GO:0018205",356
"1511","GO:0018208",102
"1512","GO:0018209",41
"1513","GO:0018210",3
"1514","GO:0018212",41
"1515","GO:0018271",80
"1516","GO:0018364",80
"1517","GO:0018377",3
"1518","GO:0018904",2
"1519","GO:0019001",438
"1520","GO:0019003",80
"1521","GO:0019005",6
"1522","GO:0019012",27
"1523","GO:0019015",3
"1524","GO:0019028",21
"1525","GO:0019030",21
"1526","GO:0019038",3
"1527","GO:0019042",83
"1528","GO:0019043",3
"1529","GO:0019045",83
"1530","GO:0019046",83
"1531","GO:0019058",80
"1532","GO:0019068",80
"1533","GO:0019103",43
"1534","GO:0019104",116
"1535","GO:0019107",3
"1536","GO:0019134",43
"1537","GO:0019136",81
"1538","GO:0019144",120
"1539","GO:0019146",80
"1540","GO:0019159",40
"1541","GO:0019168",80
"1542","GO:0019184",110
"1543","GO:0019200",120
"1544","GO:0019202",3
"1545","GO:0019205",246
"1546","GO:0019206",161
"1547","GO:0019207",41
"1548","GO:0019210",41
"1549","GO:0019216",83
"1550","GO:0019217",3
"1551","GO:0019219",1309
"1552","GO:0019220",47
"1553","GO:0019222",2614
"1554","GO:0019238",5
"1555","GO:0019239",84
"1556","GO:0019243",80
"1557","GO:0019262",77
"1558","GO:0019264",1
"1559","GO:0019294",80
"1560","GO:0019299",1
"1561","GO:0019300",1
"1562","GO:0019305",1
"1563","GO:0019318",235
"1564","GO:0019319",119
"1565","GO:0019320",37
"1566","GO:0019321",80
"1567","GO:0019344",48
"1568","GO:0019355",126
"1569","GO:0019359",360
"1570","GO:0019362",600
"1571","GO:0019363",360
"1572","GO:0019372",81
"1573","GO:0019395",2
"1574","GO:0019400",82
"1575","GO:0019417",80
"1576","GO:0019430",80
"1577","GO:0019438",4893
"1578","GO:0019439",1256
"1579","GO:0019464",116
"1580","GO:0019482",36
"1581","GO:0019509",124
"1582","GO:0019538",5864
"1583","GO:0019541",104
"1584","GO:0019543",23
"1585","GO:0019585",36
"1586","GO:0019626",23
"1587","GO:0019629",23
"1588","GO:0019632",160
"1589","GO:0019637",3837
"1590","GO:0019640",36
"1591","GO:0019646",247
"1592","GO:0019674",243
"1593","GO:0019676",80
"1594","GO:0019679",81
"1595","GO:0019682",160
"1596","GO:0019692",321
"1597","GO:0019693",2207
"1598","GO:0019720",4
"1599","GO:0019725",81
"1600","GO:0019730",37
"1601","GO:0019740",83
"1602","GO:0019747",80
"1603","GO:0019748",1
"1604","GO:0019751",162
"1605","GO:0019752",5701
"1606","GO:0019805",44
"1607","GO:0019825",1
"1608","GO:0019828",37
"1609","GO:0019829",441
"1610","GO:0019835",2
"1611","GO:0019836",2
"1612","GO:0019840",3
"1613","GO:0019842",626
"1614","GO:0019843",843
"1615","GO:0019852",36
"1616","GO:0019853",36
"1617","GO:0019856",4
"1618","GO:0019860",7
"1619","GO:0019867",224
"1620","GO:0019877",205
"1621","GO:0019887",41
"1622","GO:0019897",92
"1623","GO:0019898",133
"1624","GO:0019899",604
"1625","GO:0019904",278
"1626","GO:0019941",4
"1627","GO:0019953",126
"1628","GO:0019954",121
"1629","GO:0019985",2
"1630","GO:0019988",44
"1631","GO:0020012",4
"1632","GO:0020037",165
"1633","GO:0021700",41
"1634","GO:0022008",1
"1635","GO:0022402",403
"1636","GO:0022411",283
"1637","GO:0022412",41
"1638","GO:0022414",326
"1639","GO:0022417",79
"1640","GO:0022603",244
"1641","GO:0022604",243
"1642","GO:0022607",2780
"1643","GO:0022610",4
"1644","GO:0022611",80
"1645","GO:0022613",2650
"1646","GO:0022616",162
"1647","GO:0022618",1691
"1648","GO:0022625",1280
"1649","GO:0022626",2013
"1650","GO:0022627",733
"1651","GO:0022803",1
"1652","GO:0022804",1097
"1653","GO:0022838",1
"1654","GO:0022853",521
"1655","GO:0022857",1497
"1656","GO:0022884",320
"1657","GO:0022890",735
"1658","GO:0022900",527
"1659","GO:0022904",411
"1660","GO:0023014",79
"1661","GO:0023051",10
"1662","GO:0023052",274
"1663","GO:0023056",10
"1664","GO:0030001",167
"1665","GO:0030027",1
"1666","GO:0030029",1
"1667","GO:0030030",81
"1668","GO:0030031",80
"1669","GO:0030036",1
"1670","GO:0030060",80
"1671","GO:0030097",2
"1672","GO:0030099",2
"1673","GO:0030141",1
"1674","GO:0030145",397
"1675","GO:0030154",44
"1676","GO:0030162",37
"1677","GO:0030163",325
"1678","GO:0030164",80
"1679","GO:0030170",382
"1680","GO:0030182",1
"1681","GO:0030203",855
"1682","GO:0030223",2
"1683","GO:0030234",406
"1684","GO:0030246",75
"1685","GO:0030247",75
"1686","GO:0030258",2
"1687","GO:0030288",715
"1688","GO:0030291",41
"1689","GO:0030312",542
"1690","GO:0030313",858
"1691","GO:0030334",1
"1692","GO:0030335",1
"1693","GO:0030371",80
"1694","GO:0030389",1
"1695","GO:0030392",1
"1696","GO:0030393",1
"1697","GO:0030397",41
"1698","GO:0030414",37
"1699","GO:0030424",1
"1700","GO:0030426",1
"1701","GO:0030427",1
"1702","GO:0030428",40
"1703","GO:0030447",81
"1704","GO:0030488",421
"1705","GO:0030490",323
"1706","GO:0030496",1
"1707","GO:0030497",40
"1708","GO:0030523",80
"1709","GO:0030541",80
"1710","GO:0030554",1765
"1711","GO:0030582",4
"1712","GO:0030584",4
"1713","GO:0030674",4
"1714","GO:0030677",80
"1715","GO:0030681",80
"1716","GO:0030682",4
"1717","GO:0030727",41
"1718","GO:0030728",81
"1719","GO:0030832",1
"1720","GO:0030833",1
"1721","GO:0030837",1
"1722","GO:0030851",2
"1723","GO:0030880",202
"1724","GO:0030894",80
"1725","GO:0030955",82
"1726","GO:0030976",80
"1727","GO:0031012",4
"1728","GO:0031071",80
"1729","GO:0031090",204
"1730","GO:0031118",81
"1731","GO:0031119",124
"1732","GO:0031123",80
"1733","GO:0031124",80
"1734","GO:0031146",4
"1735","GO:0031163",123
"1736","GO:0031167",514
"1737","GO:0031175",1
"1738","GO:0031177",80
"1739","GO:0031224",2478
"1740","GO:0031225",231
"1741","GO:0031226",2192
"1742","GO:0031230",45
"1743","GO:0031233",164
"1744","GO:0031234",81
"1745","GO:0031241",41
"1746","GO:0031246",41
"1747","GO:0031248",3
"1748","GO:0031249",80
"1749","GO:0031252",1
"1750","GO:0031297",167
"1751","GO:0031323",2165
"1752","GO:0031324",948
"1753","GO:0031325",536
"1754","GO:0031326",1846
"1755","GO:0031327",907
"1756","GO:0031328",410
"1757","GO:0031329",77
"1758","GO:0031331",40
"1759","GO:0031333",1
"1760","GO:0031341",37
"1761","GO:0031343",37
"1762","GO:0031344",1
"1763","GO:0031365",6
"1764","GO:0031399",47
"1765","GO:0031400",41
"1766","GO:0031401",6
"1767","GO:0031403",80
"1768","GO:0031405",160
"1769","GO:0031406",530
"1770","GO:0031410",1
"1771","GO:0031420",162
"1772","GO:0031421",120
"1773","GO:0031461",6
"1774","GO:0031522",239
"1775","GO:0031554",321
"1776","GO:0031564",321
"1777","GO:0031597",241
"1778","GO:0031640",39
"1779","GO:0031644",1
"1780","GO:0031646",1
"1781","GO:0031647",138
"1782","GO:0031667",402
"1783","GO:0031668",650
"1784","GO:0031669",242
"1785","GO:0031670",1
"1786","GO:0031915",1
"1787","GO:0031965",37
"1788","GO:0031967",349
"1789","GO:0031974",475
"1790","GO:0031975",1207
"1791","GO:0031976",76
"1792","GO:0031981",474
"1793","GO:0031982",1
"1794","GO:0031983",1
"1795","GO:0031984",155
"1796","GO:0032055",80
"1797","GO:0032153",368
"1798","GO:0032154",1
"1799","GO:0032155",1
"1800","GO:0032196",12
"1801","GO:0032259",1057
"1802","GO:0032267",41
"1803","GO:0032268",662
"1804","GO:0032269",492
"1805","GO:0032270",127
"1806","GO:0032271",1
"1807","GO:0032272",1
"1808","GO:0032296",82
"1809","GO:0032299",80
"1810","GO:0032300",81
"1811","GO:0032359",83
"1812","GO:0032392",408
"1813","GO:0032446",6
"1814","GO:0032465",81
"1815","GO:0032501",276
"1816","GO:0032502",324
"1817","GO:0032504",122
"1818","GO:0032505",121
"1819","GO:0032506",241
"1820","GO:0032508",408
"1821","GO:0032535",42
"1822","GO:0032549",427
"1823","GO:0032550",384
"1824","GO:0032551",43
"1825","GO:0032553",2072
"1826","GO:0032555",2028
"1827","GO:0032557",43
"1828","GO:0032559",1685
"1829","GO:0032561",384
"1830","GO:0032774",861
"1831","GO:0032775",80
"1832","GO:0032780",1
"1833","GO:0032781",80
"1834","GO:0032784",80
"1835","GO:0032787",1864
"1836","GO:0032790",41
"1837","GO:0032870",3
"1838","GO:0032879",38
"1839","GO:0032880",38
"1840","GO:0032881",81
"1841","GO:0032885",81
"1842","GO:0032940",244
"1843","GO:0032954",81
"1844","GO:0032955",81
"1845","GO:0032956",1
"1846","GO:0032970",1
"1847","GO:0032973",121
"1848","GO:0032978",238
"1849","GO:0032984",242
"1850","GO:0032988",41
"1851","GO:0032989",1
"1852","GO:0032990",1
"1853","GO:0032991",6580
"1854","GO:0032993",364
"1855","GO:0033013",129
"1856","GO:0033014",129
"1857","GO:0033036",770
"1858","GO:0033037",80
"1859","GO:0033043",42
"1860","GO:0033177",160
"1861","GO:0033178",281
"1862","GO:0033198",1
"1863","GO:0033202",7
"1864","GO:0033218",703
"1865","GO:0033220",80
"1866","GO:0033228",121
"1867","GO:0033238",80
"1868","GO:0033267",1
"1869","GO:0033293",482
"1870","GO:0033317",37
"1871","GO:0033345",80
"1872","GO:0033359",44
"1873","GO:0033365",159
"1874","GO:0033383",40
"1875","GO:0033384",40
"1876","GO:0033542",1
"1877","GO:0033543",1
"1878","GO:0033554",2745
"1879","GO:0033559",81
"1880","GO:0033567",80
"1881","GO:0033673",41
"1882","GO:0033676",2
"1883","GO:0033677",80
"1884","GO:0033680",80
"1885","GO:0033692",413
"1886","GO:0033785",80
"1887","GO:0033786",80
"1888","GO:0033818",3
"1889","GO:0033819",80
"1890","GO:0033865",436
"1891","GO:0033866",276
"1892","GO:0033875",436
"1893","GO:0033984",80
"1894","GO:0033993",79
"1895","GO:0034023",80
"1896","GO:0034030",276
"1897","GO:0034032",436
"1898","GO:0034033",276
"1899","GO:0034035",80
"1900","GO:0034040",159
"1901","GO:0034061",161
"1902","GO:0034062",283
"1903","GO:0034097",37
"1904","GO:0034203",2
"1905","GO:0034204",2
"1906","GO:0034212",3
"1907","GO:0034214",1
"1908","GO:0034219",2
"1909","GO:0034220",1056
"1910","GO:0034227",402
"1911","GO:0034248",614
"1912","GO:0034249",451
"1913","GO:0034250",121
"1914","GO:0034308",81
"1915","GO:0034309",81
"1916","GO:0034337",44
"1917","GO:0034341",37
"1918","GO:0034353",80
"1919","GO:0034357",76
"1920","GO:0034394",2
"1921","GO:0034404",926
"1922","GO:0034440",2
"1923","GO:0034458",85
"1924","GO:0034470",3080
"1925","GO:0034471",161
"1926","GO:0034599",160
"1927","GO:0034605",117
"1928","GO:0034613",362
"1929","GO:0034614",160
"1930","GO:0034622",1790
"1931","GO:0034627",126
"1932","GO:0034628",126
"1933","GO:0034635",121
"1934","GO:0034637",413
"1935","GO:0034641",14973
"1936","GO:0034644",80
"1937","GO:0034645",6471
"1938","GO:0034654",3766
"1939","GO:0034655",1052
"1940","GO:0034656",80
"1941","GO:0034660",3922
"1942","GO:0034661",80
"1943","GO:0034755",80
"1944","GO:0034774",1
"1945","GO:0034775",121
"1946","GO:0035239",81
"1947","GO:0035295",81
"1948","GO:0035303",41
"1949","GO:0035305",41
"1950","GO:0035383",196
"1951","GO:0035384",116
"1952","GO:0035434",80
"1953","GO:0035442",80
"1954","GO:0035443",121
"1955","GO:0035556",79
"1956","GO:0035561",6
"1957","GO:0035562",6
"1958","GO:0035596",79
"1959","GO:0035597",79
"1960","GO:0035600",79
"1961","GO:0035605",37
"1962","GO:0035606",37
"1963","GO:0035639",1909
"1964","GO:0035672",201
"1965","GO:0035673",80
"1966","GO:0035690",81
"1967","GO:0035725",5
"1968","GO:0035770",1
"1969","GO:0035821",119
"1970","GO:0035966",80
"1971","GO:0036009",80
"1972","GO:0036094",3870
"1973","GO:0036103",3
"1974","GO:0036104",3
"1975","GO:0036176",76
"1976","GO:0036177",76
"1977","GO:0036178",76
"1978","GO:0036187",76
"1979","GO:0036211",1594
"1980","GO:0036218",80
"1981","GO:0036221",80
"1982","GO:0036230",1
"1983","GO:0036244",76
"1984","GO:0036245",80
"1985","GO:0036289",41
"1986","GO:0036308",80
"1987","GO:0036361",81
"1988","GO:0036442",281
"1989","GO:0036464",1
"1990","GO:0038023",81
"1991","GO:0039620",21
"1992","GO:0040007",238
"1993","GO:0040008",76
"1994","GO:0040011",323
"1995","GO:0040012",1
"1996","GO:0040017",1
"1997","GO:0042030",1
"1998","GO:0042060",30
"1999","GO:0042119",1
"2000","GO:0042133",314
"2001","GO:0042135",118
"2002","GO:0042136",1
"2003","GO:0042150",80
"2004","GO:0042157",84
"2005","GO:0042158",84
"2006","GO:0042162",195
"2007","GO:0042168",129
"2008","GO:0042173",1
"2009","GO:0042175",2
"2010","GO:0042176",80
"2011","GO:0042180",316
"2012","GO:0042181",236
"2013","GO:0042182",80
"2014","GO:0042221",1243
"2015","GO:0042254",2650
"2016","GO:0042255",1691
"2017","GO:0042273",681
"2018","GO:0042274",1172
"2019","GO:0042276",1
"2020","GO:0042277",376
"2021","GO:0042278",246
"2022","GO:0042301",81
"2023","GO:0042304",3
"2024","GO:0042325",47
"2025","GO:0042326",41
"2026","GO:0042327",6
"2027","GO:0042357",80
"2028","GO:0042364",967
"2029","GO:0042381",30
"2030","GO:0042391",1
"2031","GO:0042398",305
"2032","GO:0042401",354
"2033","GO:0042430",317
"2034","GO:0042435",317
"2035","GO:0042440",133
"2036","GO:0042451",166
"2037","GO:0042454",80
"2038","GO:0042455",410
"2039","GO:0042493",561
"2040","GO:0042542",159
"2041","GO:0042545",80
"2042","GO:0042546",684
"2043","GO:0042558",163
"2044","GO:0042559",158
"2045","GO:0042562",3
"2046","GO:0042575",207
"2047","GO:0042578",645
"2048","GO:0042592",83
"2049","GO:0042594",401
"2050","GO:0042597",793
"2051","GO:0042623",1992
"2052","GO:0042625",521
"2053","GO:0042626",801
"2054","GO:0042651",76
"2055","GO:0042723",199
"2056","GO:0042724",160
"2057","GO:0042726",126
"2058","GO:0042727",126
"2059","GO:0042737",424
"2060","GO:0042742",156
"2061","GO:0042759",81
"2062","GO:0042773",166
"2063","GO:0042775",84
"2064","GO:0042783",4
"2065","GO:0042802",4201
"2066","GO:0042803",747
"2067","GO:0042816",205
"2068","GO:0042819",205
"2069","GO:0042822",205
"2070","GO:0042823",205
"2071","GO:0042839",36
"2072","GO:0042840",36
"2073","GO:0042866",153
"2074","GO:0042883",121
"2075","GO:0042886",606
"2076","GO:0042887",319
"2077","GO:0042891",80
"2078","GO:0042938",80
"2079","GO:0042939",121
"2080","GO:0042968",36
"2081","GO:0042970",36
"2082","GO:0042979",80
"2083","GO:0042981",43
"2084","GO:0042995",602
"2085","GO:0043005",1
"2086","GO:0043021",712
"2087","GO:0043022",437
"2088","GO:0043023",157
"2089","GO:0043024",319
"2090","GO:0043038",879
"2091","GO:0043039",879
"2092","GO:0043043",3570
"2093","GO:0043047",195
"2094","GO:0043065",43
"2095","GO:0043067",43
"2096","GO:0043068",43
"2097","GO:0043085",248
"2098","GO:0043086",159
"2099","GO:0043093",121
"2100","GO:0043094",289
"2101","GO:0043096",4
"2102","GO:0043097",80
"2103","GO:0043101",4
"2104","GO:0043102",124
"2105","GO:0043137",80
"2106","GO:0043138",6
"2107","GO:0043140",4
"2108","GO:0043142",97
"2109","GO:0043161",4
"2110","GO:0043163",142
"2111","GO:0043165",142
"2112","GO:0043167",5750
"2113","GO:0043168",3527
"2114","GO:0043169",3105
"2115","GO:0043170",13339
"2116","GO:0043171",81
"2117","GO:0043174",84
"2118","GO:0043175",201
"2119","GO:0043177",530
"2120","GO:0043190",200
"2121","GO:0043207",312
"2122","GO:0043213",80
"2123","GO:0043224",4
"2124","GO:0043226",4004
"2125","GO:0043227",1003
"2126","GO:0043228",3437
"2127","GO:0043229",3483
"2128","GO:0043231",1003
"2129","GO:0043232",2916
"2130","GO:0043233",475
"2131","GO:0043244",321
"2132","GO:0043254",84
"2133","GO:0043255",81
"2134","GO:0043273",80
"2135","GO:0043299",1
"2136","GO:0043312",1
"2137","GO:0043335",240
"2138","GO:0043412",3824
"2139","GO:0043413",78
"2140","GO:0043414",1054
"2141","GO:0043436",5745
"2142","GO:0043446",80
"2143","GO:0043448",80
"2144","GO:0043457",76
"2145","GO:0043462",162
"2146","GO:0043467",157
"2147","GO:0043487",40
"2148","GO:0043492",801
"2149","GO:0043531",41
"2150","GO:0043543",6
"2151","GO:0043545",4
"2152","GO:0043549",41
"2153","GO:0043555",161
"2154","GO:0043562",1
"2155","GO:0043565",644
"2156","GO:0043590",1
"2157","GO:0043603",4531
"2158","GO:0043604",4284
"2159","GO:0043621",1
"2160","GO:0043624",201
"2161","GO:0043631",80
"2162","GO:0043632",4
"2163","GO:0043647",80
"2164","GO:0043648",978
"2165","GO:0043650",413
"2166","GO:0043711",80
"2167","GO:0043771",80
"2168","GO:0043874",80
"2169","GO:0043891",80
"2170","GO:0043900",81
"2171","GO:0043901",41
"2172","GO:0043902",40
"2173","GO:0043903",37
"2174","GO:0043906",80
"2175","GO:0043918",1
"2176","GO:0043933",2356
"2177","GO:0043937",1
"2178","GO:0043938",1
"2179","GO:0043952",239
"2180","GO:0044003",39
"2181","GO:0044004",39
"2182","GO:0044036",607
"2183","GO:0044038",607
"2184","GO:0044057",1
"2185","GO:0044068",37
"2186","GO:0044085",4342
"2187","GO:0044087",245
"2188","GO:0044091",142
"2189","GO:0044092",165
"2190","GO:0044093",248
"2191","GO:0044106",354
"2192","GO:0044179",2
"2193","GO:0044182",81
"2194","GO:0044183",160
"2195","GO:0044205",4
"2196","GO:0044208",81
"2197","GO:0044212",366
"2198","GO:0044237",21434
"2199","GO:0044238",19351
"2200","GO:0044242",25
"2201","GO:0044248",2406
"2202","GO:0044249",13407
"2203","GO:0044255",1700
"2204","GO:0044257",245
"2205","GO:0044260",10466
"2206","GO:0044262",615
"2207","GO:0044264",413
"2208","GO:0044265",777
"2209","GO:0044267",5134
"2210","GO:0044270",1057
"2211","GO:0044271",8907
"2212","GO:0044272",1277
"2213","GO:0044281",9553
"2214","GO:0044282",1101
"2215","GO:0044283",4730
"2216","GO:0044318",82
"2217","GO:0044364",39
"2218","GO:0044374",80
"2219","GO:0044391",2095
"2220","GO:0044403",210
"2221","GO:0044406",4
"2222","GO:0044413",4
"2223","GO:0044415",4
"2224","GO:0044419",271
"2225","GO:0044421",84
"2226","GO:0044422",3495
"2227","GO:0044423",27
"2228","GO:0044424",17941
"2229","GO:0044425",3171
"2230","GO:0044427",166
"2231","GO:0044428",515
"2232","GO:0044431",77
"2233","GO:0044432",43
"2234","GO:0044433",1
"2235","GO:0044434",232
"2236","GO:0044435",232
"2237","GO:0044436",76
"2238","GO:0044437",91
"2239","GO:0044444",15087
"2240","GO:0044445",2690
"2241","GO:0044446",3174
"2242","GO:0044451",1
"2243","GO:0044452",275
"2244","GO:0044459",2963
"2245","GO:0044461",321
"2246","GO:0044462",143
"2247","GO:0044463",322
"2248","GO:0044464",23283
"2249","GO:0044531",37
"2250","GO:0044532",37
"2251","GO:0044533",37
"2252","GO:0044550",1
"2253","GO:0044620",80
"2254","GO:0044703",126
"2255","GO:0044706",81
"2256","GO:0044728",80
"2257","GO:0044764",24
"2258","GO:0044769",441
"2259","GO:0044770",41
"2260","GO:0044772",41
"2261","GO:0044776",81
"2262","GO:0044815",80
"2263","GO:0044839",41
"2264","GO:0044877",712
"2265","GO:0045004",80
"2266","GO:0045005",247
"2267","GO:0045017",160
"2268","GO:0045047",159
"2269","GO:0045055",1
"2270","GO:0045087",67
"2271","GO:0045134",76
"2272","GO:0045177",39
"2273","GO:0045182",80
"2274","GO:0045184",444
"2275","GO:0045203",4
"2276","GO:0045226",9
"2277","GO:0045229",302
"2278","GO:0045250",36
"2279","GO:0045254",116
"2280","GO:0045259",441
"2281","GO:0045260",401
"2282","GO:0045261",281
"2283","GO:0045262",241
"2284","GO:0045263",160
"2285","GO:0045264",160
"2286","GO:0045273",160
"2287","GO:0045274",160
"2288","GO:0045281",160
"2289","GO:0045282",160
"2290","GO:0045321",1
"2291","GO:0045333",816
"2292","GO:0045337",40
"2293","GO:0045338",40
"2294","GO:0045454",81
"2295","GO:0045595",43
"2296","GO:0045596",41
"2297","GO:0045597",1
"2298","GO:0045664",1
"2299","GO:0045717",3
"2300","GO:0045719",81
"2301","GO:0045727",121
"2302","GO:0045732",80
"2303","GO:0045738",6
"2304","GO:0045786",122
"2305","GO:0045793",41
"2306","GO:0045828",80
"2307","GO:0045833",3
"2308","GO:0045834",80
"2309","GO:0045859",41
"2310","GO:0045861",37
"2311","GO:0045881",1
"2312","GO:0045892",367
"2313","GO:0045893",289
"2314","GO:0045900",80
"2315","GO:0045903",121
"2316","GO:0045910",6
"2317","GO:0045911",80
"2318","GO:0045912",81
"2319","GO:0045922",3
"2320","GO:0045930",41
"2321","GO:0045934",453
"2322","GO:0045935",329
"2323","GO:0045936",41
"2324","GO:0045937",6
"2325","GO:0045947",241
"2326","GO:0046031",153
"2327","GO:0046033",81
"2328","GO:0046034",720
"2329","GO:0046035",80
"2330","GO:0046037",40
"2331","GO:0046039",41
"2332","GO:0046040",240
"2333","GO:0046046",80
"2334","GO:0046047",80
"2335","GO:0046049",84
"2336","GO:0046051",80
"2337","GO:0046052",80
"2338","GO:0046060",80
"2339","GO:0046061",80
"2340","GO:0046065",40
"2341","GO:0046070",160
"2342","GO:0046072",80
"2343","GO:0046075",161
"2344","GO:0046076",80
"2345","GO:0046077",80
"2346","GO:0046078",40
"2347","GO:0046080",120
"2348","GO:0046081",120
"2349","GO:0046083",4
"2350","GO:0046084",4
"2351","GO:0046085",81
"2352","GO:0046086",81
"2353","GO:0046104",81
"2354","GO:0046107",4
"2355","GO:0046108",4
"2356","GO:0046109",4
"2357","GO:0046112",8
"2358","GO:0046113",3
"2359","GO:0046116",160
"2360","GO:0046125",81
"2361","GO:0046128",246
"2362","GO:0046129",166
"2363","GO:0046131",164
"2364","GO:0046132",84
"2365","GO:0046133",80
"2366","GO:0046134",84
"2367","GO:0046135",80
"2368","GO:0046148",133
"2369","GO:0046164",80
"2370","GO:0046165",161
"2371","GO:0046174",80
"2372","GO:0046184",205
"2373","GO:0046185",116
"2374","GO:0046209",1
"2375","GO:0046210",1
"2376","GO:0046219",317
"2377","GO:0046323",1
"2378","GO:0046341",80
"2379","GO:0046346",77
"2380","GO:0046348",78
"2381","GO:0046349",44
"2382","GO:0046364",235
"2383","GO:0046365",73
"2384","GO:0046379",9
"2385","GO:0046383",1
"2386","GO:0046385",120
"2387","GO:0046386",240
"2388","GO:0046390",1561
"2389","GO:0046391",161
"2390","GO:0046394",3031
"2391","GO:0046395",824
"2392","GO:0046400",80
"2393","GO:0046401",281
"2394","GO:0046417",158
"2395","GO:0046421",23
"2396","GO:0046434",596
"2397","GO:0046451",332
"2398","GO:0046456",81
"2399","GO:0046459",104
"2400","GO:0046467",205
"2401","GO:0046471",80
"2402","GO:0046474",160
"2403","GO:0046483",12777
"2404","GO:0046484",80
"2405","GO:0046485",2
"2406","GO:0046486",160
"2407","GO:0046493",205
"2408","GO:0046496",600
"2409","GO:0046501",44
"2410","GO:0046504",2
"2411","GO:0046523",44
"2412","GO:0046537",36
"2413","GO:0046618",40
"2414","GO:0046653",158
"2415","GO:0046654",158
"2416","GO:0046658",151
"2417","GO:0046677",320
"2418","GO:0046683",1
"2419","GO:0046686",80
"2420","GO:0046688",80
"2421","GO:0046700",1058
"2422","GO:0046777",204
"2423","GO:0046820",78
"2424","GO:0046835",120
"2425","GO:0046836",82
"2426","GO:0046838",80
"2427","GO:0046855",80
"2428","GO:0046870",82
"2429","GO:0046872",3105
"2430","GO:0046873",86
"2431","GO:0046874",44
"2432","GO:0046890",3
"2433","GO:0046903",244
"2434","GO:0046906",165
"2435","GO:0046907",241
"2436","GO:0046914",1428
"2437","GO:0046915",80
"2438","GO:0046933",441
"2439","GO:0046939",158
"2440","GO:0046940",81
"2441","GO:0046942",244
"2442","GO:0046943",41
"2443","GO:0046961",281
"2444","GO:0046982",1
"2445","GO:0046983",748
"2446","GO:0047389",2
"2447","GO:0047395",2
"2448","GO:0047429",280
"2449","GO:0047456",81
"2450","GO:0047465",77
"2451","GO:0047480",80
"2452","GO:0047617",80
"2453","GO:0047631",116
"2454","GO:0047661",81
"2455","GO:0047931",98
"2456","GO:0047939",36
"2457","GO:0047954",80
"2458","GO:0048027",241
"2459","GO:0048033",84
"2460","GO:0048034",84
"2461","GO:0048037",2470
"2462","GO:0048038",82
"2463","GO:0048039",82
"2464","GO:0048134",41
"2465","GO:0048135",41
"2466","GO:0048137",41
"2467","GO:0048142",41
"2468","GO:0048167",1
"2469","GO:0048232",41
"2470","GO:0048285",41
"2471","GO:0048316",76
"2472","GO:0048367",79
"2473","GO:0048437",79
"2474","GO:0048438",76
"2475","GO:0048443",76
"2476","GO:0048444",3
"2477","GO:0048466",76
"2478","GO:0048468",42
"2479","GO:0048469",41
"2480","GO:0048471",41
"2481","GO:0048476",164
"2482","GO:0048477",41
"2483","GO:0048478",6
"2484","GO:0048500",1
"2485","GO:0048511",1
"2486","GO:0048513",39
"2487","GO:0048514",81
"2488","GO:0048518",738
"2489","GO:0048519",1439
"2490","GO:0048522",578
"2491","GO:0048523",1110
"2492","GO:0048530",3
"2493","GO:0048534",2
"2494","GO:0048583",10
"2495","GO:0048584",10
"2496","GO:0048585",6
"2497","GO:0048599",41
"2498","GO:0048608",83
"2499","GO:0048609",122
"2500","GO:0048646",41
"2501","GO:0048666",1
"2502","GO:0048667",1
"2503","GO:0048699",1
"2504","GO:0048731",203
"2505","GO:0048749",1
"2506","GO:0048812",1
"2507","GO:0048827",76
"2508","GO:0048844",81
"2509","GO:0048856",244
"2510","GO:0048858",1
"2511","GO:0048869",44
"2512","GO:0048870",323
"2513","GO:0048871",2
"2514","GO:0050136",84
"2515","GO:0050145",81
"2516","GO:0050343",2
"2517","GO:0050483",3
"2518","GO:0050484",3
"2519","GO:0050497",79
"2520","GO:0050511",80
"2521","GO:0050518",82
"2522","GO:0050526",44
"2523","GO:0050567",39
"2524","GO:0050570",80
"2525","GO:0050660",219
"2526","GO:0050661",124
"2527","GO:0050662",1455
"2528","GO:0050707",37
"2529","GO:0050708",37
"2530","GO:0050714",37
"2531","GO:0050715",37
"2532","GO:0050767",1
"2533","GO:0050770",1
"2534","GO:0050779",40
"2535","GO:0050789",3445
"2536","GO:0050790",650
"2537","GO:0050793",285
"2538","GO:0050794",2923
"2539","GO:0050803",1
"2540","GO:0050804",1
"2541","GO:0050806",1
"2542","GO:0050807",1
"2543","GO:0050817",30
"2544","GO:0050821",138
"2545","GO:0050832",37
"2546","GO:0050878",30
"2547","GO:0050896",6124
"2548","GO:0050897",1
"2549","GO:0051046",37
"2550","GO:0051047",37
"2551","GO:0051049",37
"2552","GO:0051050",37
"2553","GO:0051052",244
"2554","GO:0051053",86
"2555","GO:0051054",80
"2556","GO:0051055",3
"2557","GO:0051078",41
"2558","GO:0051081",41
"2559","GO:0051082",265
"2560","GO:0051083",80
"2561","GO:0051084",102
"2562","GO:0051085",102
"2563","GO:0051093",41
"2564","GO:0051094",1
"2565","GO:0051095",81
"2566","GO:0051098",6
"2567","GO:0051100",6
"2568","GO:0051103",80
"2569","GO:0051117",160
"2570","GO:0051119",1
"2571","GO:0051128",769
"2572","GO:0051129",1
"2573","GO:0051130",1
"2574","GO:0051156",160
"2575","GO:0051167",36
"2576","GO:0051171",2086
"2577","GO:0051172",945
"2578","GO:0051173",536
"2579","GO:0051174",47
"2580","GO:0051179",2489
"2581","GO:0051181",121
"2582","GO:0051186",2761
"2583","GO:0051188",2313
"2584","GO:0051189",4
"2585","GO:0051192",80
"2586","GO:0051193",41
"2587","GO:0051205",279
"2588","GO:0051213",158
"2589","GO:0051222",37
"2590","GO:0051223",37
"2591","GO:0051234",2086
"2592","GO:0051239",79
"2593","GO:0051240",38
"2594","GO:0051241",41
"2595","GO:0051246",742
"2596","GO:0051247",207
"2597","GO:0051248",492
"2598","GO:0051252",1225
"2599","GO:0051253",367
"2600","GO:0051254",329
"2601","GO:0051259",324
"2602","GO:0051260",323
"2603","GO:0051262",121
"2604","GO:0051270",1
"2605","GO:0051272",1
"2606","GO:0051276",569
"2607","GO:0051287",410
"2608","GO:0051289",121
"2609","GO:0051301",571
"2610","GO:0051302",81
"2611","GO:0051321",41
"2612","GO:0051336",241
"2613","GO:0051338",41
"2614","GO:0051341",80
"2615","GO:0051345",81
"2616","GO:0051346",79
"2617","GO:0051348",41
"2618","GO:0051353",80
"2619","GO:0051402",37
"2620","GO:0051409",1
"2621","GO:0051445",41
"2622","GO:0051447",41
"2623","GO:0051493",1
"2624","GO:0051494",1
"2625","GO:0051499",4
"2626","GO:0051500",4
"2627","GO:0051536",647
"2628","GO:0051537",200
"2629","GO:0051538",80
"2630","GO:0051539",647
"2631","GO:0051540",647
"2632","GO:0051575",1
"2633","GO:0051596",80
"2634","GO:0051603",165
"2635","GO:0051604",358
"2636","GO:0051640",1
"2637","GO:0051641",443
"2638","GO:0051647",1
"2639","GO:0051649",241
"2640","GO:0051656",1
"2641","GO:0051674",323
"2642","GO:0051701",43
"2643","GO:0051702",37
"2644","GO:0051704",766
"2645","GO:0051707",312
"2646","GO:0051709",37
"2647","GO:0051712",37
"2648","GO:0051715",2
"2649","GO:0051716",3214
"2650","GO:0051726",203
"2651","GO:0051783",41
"2652","GO:0051801",2
"2653","GO:0051805",4
"2654","GO:0051807",4
"2655","GO:0051810",4
"2656","GO:0051817",119
"2657","GO:0051818",39
"2658","GO:0051832",4
"2659","GO:0051834",4
"2660","GO:0051851",37
"2661","GO:0051852",37
"2662","GO:0051873",37
"2663","GO:0051883",39
"2664","GO:0051960",1
"2665","GO:0051998",40
"2666","GO:0052040",37
"2667","GO:0052042",37
"2668","GO:0052047",80
"2669","GO:0052173",4
"2670","GO:0052200",4
"2671","GO:0052212",80
"2672","GO:0052248",37
"2673","GO:0052330",37
"2674","GO:0052331",2
"2675","GO:0052381",81
"2676","GO:0052386",80
"2677","GO:0052433",37
"2678","GO:0052482",80
"2679","GO:0052501",37
"2680","GO:0052542",80
"2681","GO:0052543",80
"2682","GO:0052544",80
"2683","GO:0052545",80
"2684","GO:0052547",37
"2685","GO:0052548",37
"2686","GO:0052564",4
"2687","GO:0052572",4
"2688","GO:0052665",81
"2689","GO:0052666",81
"2690","GO:0052689",290
"2691","GO:0052693",80
"2692","GO:0052745",80
"2693","GO:0052803",1
"2694","GO:0052805",1
"2695","GO:0052834",80
"2696","GO:0052855",80
"2697","GO:0052856",80
"2698","GO:0052857",80
"2699","GO:0052868",80
"2700","GO:0052906",82
"2701","GO:0055035",76
"2702","GO:0055085",1777
"2703","GO:0055086",3318
"2704","GO:0055114",2835
"2705","GO:0055129",40
"2706","GO:0060003",80
"2707","GO:0060089",160
"2708","GO:0060090",4
"2709","GO:0060187",40
"2710","GO:0060205",1
"2711","GO:0060249",2
"2712","GO:0060255",2254
"2713","GO:0060274",22
"2714","GO:0060278",41
"2715","GO:0060280",41
"2716","GO:0060281",41
"2717","GO:0060283",41
"2718","GO:0060284",42
"2719","GO:0060322",37
"2720","GO:0060341",1
"2721","GO:0060491",1
"2722","GO:0060542",4
"2723","GO:0060589",81
"2724","GO:0060590",81
"2725","GO:0060840",81
"2726","GO:0061024",344
"2727","GO:0061077",348
"2728","GO:0061134",37
"2729","GO:0061135",37
"2730","GO:0061458",83
"2731","GO:0061475",41
"2732","GO:0061505",80
"2733","GO:0061564",1
"2734","GO:0061605",4
"2735","GO:0061615",37
"2736","GO:0061620",37
"2737","GO:0061621",37
"2738","GO:0061640",241
"2739","GO:0061687",80
"2740","GO:0061695",409
"2741","GO:0061710",79
"2742","GO:0061718",37
"2743","GO:0061727",80
"2744","GO:0061783",286
"2745","GO:0061844",37
"2746","GO:0062012",164
"2747","GO:0062014",3
"2748","GO:0062039",4
"2749","GO:0062040",4
"2750","GO:0065002",239
"2751","GO:0065003",2194
"2752","GO:0065007",4356
"2753","GO:0065008",1216
"2754","GO:0065009",656
"2755","GO:0070003",1
"2756","GO:0070006",76
"2757","GO:0070008",160
"2758","GO:0070011",724
"2759","GO:0070013",475
"2760","GO:0070035",368
"2761","GO:0070037",76
"2762","GO:0070038",76
"2763","GO:0070039",81
"2764","GO:0070040",1
"2765","GO:0070042",38
"2766","GO:0070063",201
"2767","GO:0070069",247
"2768","GO:0070084",76
"2769","GO:0070085",78
"2770","GO:0070180",240
"2771","GO:0070181",241
"2772","GO:0070201",37
"2773","GO:0070206",120
"2774","GO:0070207",120
"2775","GO:0070279",382
"2776","GO:0070283",161
"2777","GO:0070301",80
"2778","GO:0070403",84
"2779","GO:0070453",41
"2780","GO:0070469",160
"2781","GO:0070470",160
"2782","GO:0070475",311
"2783","GO:0070493",81
"2784","GO:0070525",204
"2785","GO:0070548",2
"2786","GO:0070566",404
"2787","GO:0070567",162
"2788","GO:0070569",126
"2789","GO:0070581",81
"2790","GO:0070589",607
"2791","GO:0070627",80
"2792","GO:0070647",6
"2793","GO:0070677",82
"2794","GO:0070681",39
"2795","GO:0070727",442
"2796","GO:0070783",1
"2797","GO:0070784",76
"2798","GO:0070838",80
"2799","GO:0070848",81
"2800","GO:0070873",81
"2801","GO:0070874",81
"2802","GO:0070887",443
"2803","GO:0070894",1
"2804","GO:0070925",1691
"2805","GO:0070972",159
"2806","GO:0070997",37
"2807","GO:0071103",488
"2808","GO:0071214",156
"2809","GO:0071216",6
"2810","GO:0071229",3
"2811","GO:0071236",82
"2812","GO:0071241",80
"2813","GO:0071248",80
"2814","GO:0071265",124
"2815","GO:0071267",124
"2816","GO:0071270",1
"2817","GO:0071271",1
"2818","GO:0071280",80
"2819","GO:0071292",80
"2820","GO:0071310",281
"2821","GO:0071318",1
"2822","GO:0071345",37
"2823","GO:0071346",37
"2824","GO:0071363",81
"2825","GO:0071370",3
"2826","GO:0071396",3
"2827","GO:0071407",1
"2828","GO:0071417",81
"2829","GO:0071450",80
"2830","GO:0071451",80
"2831","GO:0071467",76
"2832","GO:0071478",80
"2833","GO:0071482",80
"2834","GO:0071495",171
"2835","GO:0071496",650
"2836","GO:0071500",1
"2837","GO:0071545",80
"2838","GO:0071554",764
"2839","GO:0071555",160
"2840","GO:0071559",81
"2841","GO:0071560",81
"2842","GO:0071575",164
"2843","GO:0071616",116
"2844","GO:0071695",41
"2845","GO:0071702",975
"2846","GO:0071704",21764
"2847","GO:0071705",814
"2848","GO:0071709",142
"2849","GO:0071723",79
"2850","GO:0071804",1
"2851","GO:0071805",1
"2852","GO:0071806",319
"2853","GO:0071826",1732
"2854","GO:0071840",5394
"2855","GO:0071852",76
"2856","GO:0071897",242
"2857","GO:0071900",41
"2858","GO:0071901",41
"2859","GO:0071915",80
"2860","GO:0071916",80
"2861","GO:0071932",80
"2862","GO:0071944",5880
"2863","GO:0071949",18
"2864","GO:0071951",44
"2865","GO:0071963",1
"2866","GO:0071972",80
"2867","GO:0071973",240
"2868","GO:0071975",80
"2869","GO:0071976",79
"2870","GO:0071977",80
"2871","GO:0072329",142
"2872","GO:0072330",1205
"2873","GO:0072337",121
"2874","GO:0072341",84
"2875","GO:0072344",41
"2876","GO:0072348",165
"2877","GO:0072350",401
"2878","GO:0072358",81
"2879","GO:0072359",81
"2880","GO:0072396",6
"2881","GO:0072402",6
"2882","GO:0072423",6
"2883","GO:0072429",6
"2884","GO:0072511",80
"2885","GO:0072521",2052
"2886","GO:0072522",1562
"2887","GO:0072523",160
"2888","GO:0072524",805
"2889","GO:0072525",565
"2890","GO:0072527",692
"2891","GO:0072528",444
"2892","GO:0072529",163
"2893","GO:0072530",2
"2894","GO:0072531",2
"2895","GO:0072580",80
"2896","GO:0072581",80
"2897","GO:0072586",1
"2898","GO:0072593",81
"2899","GO:0072594",159
"2900","GO:0072599",159
"2901","GO:0072657",280
"2902","GO:0072747",80
"2903","GO:0072756",80
"2904","GO:0075136",4
"2905","GO:0075259",4
"2906","GO:0075713",3
"2907","GO:0080090",2128
"2908","GO:0080134",6
"2909","GO:0080135",6
"2910","GO:0080154",3
"2911","GO:0090066",42
"2912","GO:0090069",80
"2913","GO:0090071",80
"2914","GO:0090079",80
"2915","GO:0090087",37
"2916","GO:0090150",280
"2917","GO:0090304",7794
"2918","GO:0090305",1105
"2919","GO:0090329",6
"2920","GO:0090407",2781
"2921","GO:0090485",41
"2922","GO:0090499",80
"2923","GO:0090501",650
"2924","GO:0090502",323
"2925","GO:0090503",166
"2926","GO:0090529",241
"2927","GO:0090567",79
"2928","GO:0090662",521
"2929","GO:0090696",3
"2930","GO:0090697",3
"2931","GO:0090698",3
"2932","GO:0097035",2
"2933","GO:0097038",41
"2934","GO:0097070",81
"2935","GO:0097159",7391
"2936","GO:0097163",240
"2937","GO:0097164",37
"2938","GO:0097172",43
"2939","GO:0097190",30
"2940","GO:0097216",78
"2941","GO:0097237",160
"2942","GO:0097286",80
"2943","GO:0097305",76
"2944","GO:0097347",4
"2945","GO:0097367",2151
"2946","GO:0097384",2
"2947","GO:0097452",37
"2948","GO:0097458",1
"2949","GO:0097501",80
"2950","GO:0097588",240
"2951","GO:0097659",780
"2952","GO:0097708",1
"2953","GO:0097718",117
"2954","GO:0097747",283
"2955","GO:0098015",3
"2956","GO:0098025",3
"2957","GO:0098533",200
"2958","GO:0098542",193
"2959","GO:0098552",288
"2960","GO:0098561",80
"2961","GO:0098562",83
"2962","GO:0098588",167
"2963","GO:0098590",39
"2964","GO:0098655",972
"2965","GO:0098656",288
"2966","GO:0098657",81
"2967","GO:0098659",80
"2968","GO:0098660",815
"2969","GO:0098661",44
"2970","GO:0098662",815
"2971","GO:0098704",1
"2972","GO:0098707",80
"2973","GO:0098711",80
"2974","GO:0098739",81
"2975","GO:0098754",160
"2976","GO:0098772",406
"2977","GO:0098776",80
"2978","GO:0098791",77
"2979","GO:0098796",1004
"2980","GO:0098797",761
"2981","GO:0098803",160
"2982","GO:0098805",91
"2983","GO:0098813",80
"2984","GO:0098815",1
"2985","GO:0098827",2
"2986","GO:0098847",195
"2987","GO:0098852",55
"2988","GO:0098869",80
"2989","GO:0098916",1
"2990","GO:0098976",1
"2991","GO:0099116",80
"2992","GO:0099131",521
"2993","GO:0099132",441
"2994","GO:0099175",1
"2995","GO:0099177",1
"2996","GO:0099402",79
"2997","GO:0099503",1
"2998","GO:0099536",1
"2999","GO:0099537",1
"3000","GO:0099587",80
"3001","GO:0101002",1
"3002","GO:0101031",80
"3003","GO:0104004",156
"3004","GO:0106026",4
"3005","GO:0106074",166
"3006","GO:0106104",1
"3007","GO:0110053",1
"3008","GO:0120025",1
"3009","GO:0120032",1
"3010","GO:0120035",1
"3011","GO:0120036",1
"3012","GO:0120038",1
"3013","GO:0120039",1
"3014","GO:0120100",84
"3015","GO:0120101",84
"3016","GO:0140013",41
"3017","GO:0140096",2025
"3018","GO:0140097",1277
"3019","GO:0140098",3083
"3020","GO:0140101",1515
"3021","GO:0140102",514
"3022","GO:0140104",320
"3023","GO:0140110",450
"3024","GO:0140115",121
"3025","GO:0150034",1
"3026","GO:1900193",41
"3027","GO:1900194",41
"3028","GO:1900428",76
"3029","GO:1900750",1
"3030","GO:1901068",161
"3031","GO:1901070",81
"3032","GO:1901135",4396
"3033","GO:1901136",602
"3034","GO:1901137",3100
"3035","GO:1901159",36
"3036","GO:1901214",1
"3037","GO:1901216",1
"3038","GO:1901264",244
"3039","GO:1901265",2878
"3040","GO:1901269",205
"3041","GO:1901271",205
"3042","GO:1901281",1
"3043","GO:1901292",516
"3044","GO:1901293",2131
"3045","GO:1901322",80
"3046","GO:1901360",13138
"3047","GO:1901361",1261
"3048","GO:1901362",5745
"3049","GO:1901363",7391
"3050","GO:1901401",41
"3051","GO:1901463",41
"3052","GO:1901503",2
"3053","GO:1901505",84
"3054","GO:1901562",80
"3055","GO:1901564",12932
"3056","GO:1901565",1496
"3057","GO:1901566",9223
"3058","GO:1901568",81
"3059","GO:1901570",81
"3060","GO:1901575",2726
"3061","GO:1901576",13405
"3062","GO:1901605",2425
"3063","GO:1901606",685
"3064","GO:1901607",1344
"3065","GO:1901615",768
"3066","GO:1901616",80
"3067","GO:1901617",366
"3068","GO:1901618",1
"3069","GO:1901626",1
"3070","GO:1901628",1
"3071","GO:1901642",3
"3072","GO:1901654",80
"3073","GO:1901655",80
"3074","GO:1901657",651
"3075","GO:1901658",80
"3076","GO:1901659",410
"3077","GO:1901661",236
"3078","GO:1901663",236
"3079","GO:1901681",562
"3080","GO:1901682",44
"3081","GO:1901685",36
"3082","GO:1901687",36
"3083","GO:1901698",81
"3084","GO:1901699",81
"3085","GO:1901700",319
"3086","GO:1901701",164
"3087","GO:1901891",81
"3088","GO:1902221",281
"3089","GO:1902222",203
"3090","GO:1902223",78
"3091","GO:1902229",6
"3092","GO:1902231",6
"3093","GO:1902280",81
"3094","GO:1902358",44
"3095","GO:1902410",241
"3096","GO:1902412",81
"3097","GO:1902475",37
"3098","GO:1902493",3
"3099","GO:1902494",2075
"3100","GO:1902495",200
"3101","GO:1902531",6
"3102","GO:1902533",6
"3103","GO:1902555",80
"3104","GO:1902600",649
"3105","GO:1902601",80
"3106","GO:1902679",367
"3107","GO:1902680",289
"3108","GO:1902743",1
"3109","GO:1902903",1
"3110","GO:1902904",1
"3111","GO:1903008",41
"3112","GO:1903046",41
"3113","GO:1903047",282
"3114","GO:1903429",41
"3115","GO:1903430",41
"3116","GO:1903436",81
"3117","GO:1903506",1185
"3118","GO:1903507",367
"3119","GO:1903508",289
"3120","GO:1903509",576
"3121","GO:1903530",37
"3122","GO:1903532",37
"3123","GO:1903538",41
"3124","GO:1903712",121
"3125","GO:1903825",244
"3126","GO:1903827",1
"3127","GO:1903829",1
"3128","GO:1903874",80
"3129","GO:1903909",1
"3130","GO:1903911",1
"3131","GO:1904029",41
"3132","GO:1904145",41
"3133","GO:1904659",1
"3134","GO:1904679",1
"3135","GO:1904680",319
"3136","GO:1904717",1
"3137","GO:1904719",1
"3138","GO:1904752",1
"3139","GO:1904754",1
"3140","GO:1904813",1
"3141","GO:1904823",2
"3142","GO:1904949",445
"3143","GO:1904951",37
"3144","GO:1905039",244
"3145","GO:1905347",202
"3146","GO:1905348",282
"3147","GO:1905368",241
"3148","GO:1905369",241
"3149","GO:1905392",3
"3150","GO:1905475",1
"3151","GO:1905477",1
"3152","GO:1905516",3
"3153","GO:1905879",41
"3154","GO:1905880",41
"3155","GO:1990063",41
"3156","GO:1990145",160
"3157","GO:1990169",80
"3158","GO:1990204",436
"3159","GO:1990220",80
"3160","GO:1990228",240
"3161","GO:1990234",658
"3162","GO:1990351",200
"3163","GO:1990391",283
"3164","GO:1990481",44
"3165","GO:1990497",81
"3166","GO:1990507",4
"3167","GO:1990518",4
"3168","GO:1990748",80
"3169","GO:1990817",80
"3170","GO:1990837",446
"3171","GO:1990904",2489
"3172","GO:2000026",1
"3173","GO:2000042",6
"3174","GO:2000104",6
"3175","GO:2000112",1802
"3176","GO:2000113",904
"3177","GO:2000142",83
"3178","GO:2000145",1
"3179","GO:2000147",1
"3180","GO:2000241",44
"3181","GO:2000242",41
"3182","GO:2000243",3
"3183","GO:2000371",1
"3184","GO:2000372",1
"3185","GO:2000463",1
"3186","GO:2000765",94
"3187","GO:2000766",13
"3188","GO:2000779",6
"3189","GO:2000780",6
"3190","GO:2001020",6
"3191","GO:2001021",6
"3192","GO:2001022",6
"3193","GO:2001057",1
"3194","GO:2001141",1185
"3195","GO:2001233",6
"3196","GO:2001235",6
"3197","GO:2001242",6
"3198","GO:2001244",6
"3199","GO:2001300",81
"3200","GO:2001301",81
